Type,Sector,2017,2016,2015,2014,Total Usage
Electricity (GWh),Non-Residential,6283.61341,6055.674434,6188.144476,6258.537182,24785.9695
Electricity (GWh),Residential,5242.164487,4794.486673,4738.564168,4736.128873,19511.3442
Gas (Therms),Non-Residential,109.925151,105.200835,102.835605,100.810185,418.771776
Gas (Therms),Residential,198.851836,182.459477,176.512509,172.911259,730.735081
